<?xml version="1.0" encoding="UTF-8"?>
<beans xmlns="http://www.springframework.org/schema/beans" xmlns:xsi="http://www.w3.org/2001/XMLSchema-instance" xmlns:context="http://www.springframework.org/schema/context" xsi:schemaLocation="http://www.springframework.org/schema/beans https://www.springframework.org/schema/beans/spring-beans.xsd http://www.springframework.org/schema/context https://www.springframework.org/schema/context/spring-context.xsd">
<bean id="emp1" class="com.telusko.bean.Employee">
<constructor-arg value="01"/>
<constructor-arg value="Rohan"/>
<constructor-arg value="Pune"/>
<constructor-arg value="45654.5f"/>
</bean>

<bean id="emp2" class="com.telusko.bean.Employee">
<constructor-arg index="2" value="Pune"/>
<constructor-arg index="0" value="02"/>
<constructor-arg index="3" value="45654.5f"/>
<constructor-arg index="1" value="Rohit"/>
</bean>

<bean id="emp3" class="com.telusko.bean.Employee">
<constructor-arg name="empCity" value="Bengaluru"/>
<constructor-arg name="id" value="03"/>
<constructor-arg name="empSalary" value="45454.5f"/>
<constructor-arg name="empName" value="Ramesh"/>
</bean>

<bean id="emp4" class="com.telusko.bean.Employee">
<constructor-arg name="empCity" type="java.lang.String" value="Bengaluru"/>
<constructor-arg  name="id" type="java.lang.Integer" value="04"/>
<constructor-arg  name="empSalary" type="java.lang.Float" value="45454.5f"/>
<constructor-arg  name="empName" type="java.lang.String" value="Ramesh"/>
</bean>

</beans>