<?xml version="1.0" encoding="UTF-8"?>
<beans xmlns="http://www.springframework.org/schema/beans" 
xmlns:xsi="http://www.w3.org/2001/XMLSchema-instance" 
xmlns:context="http://www.springframework.org/schema/context" 
xsi:schemaLocation="http://www.springframework.org/schema/beans https://www.springframework.org/schema/beans/spring-beans.xsd http://www.springframework.org/schema/context https://www.springframework.org/schema/context/spring-context.xsd">


<!--  <bean id="fistFlight" class="com.telusko.beans.FirstFlight"/>
<bean id="blueDart" class="com.telusko.beans.BlueDart" primary="true"/> 
<bean id="fedEx" class="com.telusko.beans.FedEx"/>

<bean id="amazon" class="com.telusko.beans.Amazon" autowire="byType"/> -->

<!-- <bean id="fistFlight" class="com.telusko.beans.FirstFlight"/>
<bean id="blueDart" class="com.telusko.beans.BlueDart" /> 
<bean id="service" class="com.telusko.beans.FedEx"/>

<bean id="amazon" class="com.telusko.beans.Amazon" autowire="byName"/> -->


<!-- <bean id="fistFlight" class="com.telusko.beans.FirstFlight"/>
<bean id="blueDart" class="com.telusko.beans.BlueDart" />  -->
<!-- <bean id="fedEx" class="com.telusko.beans.FedEx"/>

<bean id="amazon" class="com.telusko.beans.Amazon" autowire="constructor"/> -->


<!-- <bean id="fistFlight" class="com.telusko.beans.FirstFlight" autowire-candidate="false"/>
<bean id="blueDart" class="com.telusko.beans.BlueDart" autowire-candidate="false" /> 
<bean id="fedEx" class="com.telusko.beans.FedEx"/>

<bean id="amazon" class="com.telusko.beans.Amazon" autowire="byType"/> -->

<bean id="fistFlight" class="com.telusko.beans.FirstFlight" />
<bean id="blueDart" class="com.telusko.beans.BlueDart" /> 
<bean id="fedEx" class="com.telusko.beans.FedEx"/>

<bean id="amazon" class="com.telusko.beans.Amazon" autowire="no">

<property ref="blueDart" name="service" ></property>
</bean>

</beans>