<?xml version="1.0" encoding="UTF-8"?>

<Configuration>
	<Appenders>
		<RollingFile name="rollingFile" fileName="app_msg.log"
			filePattern="%d %M %m %p %n"
			ignoreExceptions="false">
			<PatternLayout>
				<Pattern>%d %p %m%n</Pattern>
			</PatternLayout>
			<Policies>
				<TimeBasedTriggeringPolicy
					filePattern="%d %M %m %p %n" />
			</Policies>
			<DefaultRolloverStrategy max="5" />
		</RollingFile>
	</Appenders>
	<Loggers>
		<Root level="trace">
			<AppenderRef ref="rollingFile" />
		</Root>
	</Loggers>
</Configuration>