<?xml version="1.0" encoding="UTF-8"?>
<beans xmlns="http://www.springframework.org/schema/beans" xmlns:xsi="http://www.w3.org/2001/XMLSchema-instance" xmlns:context="http://www.springframework.org/schema/context" xsi:schemaLocation="http://www.springframework.org/schema/beans https://www.springframework.org/schema/beans/spring-beans.xsd http://www.springframework.org/schema/context https://www.springframework.org/schema/context/spring-context.xsd">
<!-- <bean id="alpha" class="com.telusko.beans.Alpha">
<property ref= "beta" name="beta"></property>
</bean>

<bean id="beta" class="com.telusko.beans.Beta">
<property ref= "alpha" name="alpha"></property>
</bean> -->

<!-- <bean id="alpha" class="com.telusko.beans.Alpha">
<constructor-arg ref= "beta" name="beta"/>
</bean>

<bean id="beta" class="com.telusko.beans.Beta">
<constructor-arg  ref= "alpha" name="alpha"/>
</bean> -->

<bean id="alpha" class="com.telusko.beans.Alpha">
<property ref= "beta" name="beta"/>
</bean>

<bean id="beta" class="com.telusko.beans.Beta">
<constructor-arg  ref= "alpha" name="alpha"/>
</bean>

</beans>